[{"date":"Sat Aug 22 22:55:51.020159 2020","core":"ssl:warn","pid":"pid 14236","tid":"tid 640] AH01909","message":" AH01909: www.example.com:443:0 server certificate does NOT include an ID which matches the server nam"},{"date":"Sat Aug 22 22:55:51.073561 2020","core":"ssl:warn","pid":"pid 14236","tid":"tid 640] AH01909","message":" AH01909: www.example.com:443:0 server certificate does NOT include an ID which matches the server nam"},{"date":null,"core":null,"pid":null,"tid":null,"message":"PHP Warning:  PHP Startup: Unable to load dynamic library 'pdo_sqlite' (tried: \\\\xampp\\\\php\\\\ext\\\\pdo_sqlite (The specified module could not be found.)"},{"date":"Sat Aug 22 22:55:51.227252 2020","core":"mpm_winnt:notice","pid":"pid 14236","tid":"tid 640] AH00455","message":" AH00455: Apache/2.4.41 (Win64) OpenSSL/1.1.1c PHP/7.4.4 configured -- resuming normal operation"},{"date":"Sat Aug 22 22:55:51.227252 2020","core":"mpm_winnt:notice","pid":"pid 14236","tid":"tid 640] AH00456","message":" AH00456: Apache Lounge VC15 Server built: Aug 11 2019 12:20:0"},{"date":"Sat Aug 22 22:55:51.227252 2020","core":"core:notice","pid":"pid 14236","tid":"tid 640] AH00094","message":" AH00094: Command line: 'C:\\\\xampp\\\\apache\\\\bin\\\\httpd.exe -d C:/xampp/apache"},{"date":"Sat Aug 22 22:55:51.242884 2020","core":"mpm_winnt:notice","pid":"pid 14236","tid":"tid 640] AH00418","message":" AH00418: Parent: Created child process 1589"},{"date":"Sat Aug 22 22:55:51.728705 2020","core":"ssl:warn","pid":"pid 15892","tid":"tid 632] AH01909","message":" AH01909: www.example.com:443:0 server certificate does NOT include an ID which matches the server nam"},{"date":"Sat Aug 22 22:55:51.775597 2020","core":"ssl:warn","pid":"pid 15892","tid":"tid 632] AH01909","message":" AH01909: www.example.com:443:0 server certificate does NOT include an ID which matches the server nam"},{"date":null,"core":null,"pid":null,"tid":null,"message":"PHP Warning:  PHP Startup: Unable to load dynamic library 'pdo_sqlite' (tried: \\\\xampp\\\\php\\\\ext\\\\pdo_sqlite (The specified module could not be found.)"},{"date":"Sat Aug 22 22:55:51.822483 2020","core":"mpm_winnt:notice","pid":"pid 15892","tid":"tid 632] AH00354","message":" AH00354: Child: Starting 150 worker threads"},{"date":"Mon Aug 24 16:06:23.415691 2020","core":"ssl:warn","pid":"pid 2628","tid":"tid 540] AH01909","message":" AH01909: www.example.com:443:0 server certificate does NOT include an ID which matches the server nam"},{"date":"Mon Aug 24 16:06:23.568534 2020","core":"ssl:warn","pid":"pid 2628","tid":"tid 540] AH01909","message":" AH01909: www.example.com:443:0 server certificate does NOT include an ID which matches the server nam"},{"date":"Mon Aug 24 16:06:23.983289 2020","core":"mpm_winnt:notice","pid":"pid 2628","tid":"tid 540] AH00455","message":" AH00455: Apache/2.4.41 (Win64) OpenSSL/1.1.1c PHP/7.4.4 configured -- resuming normal operation"},{"date":"Mon Aug 24 16:06:23.983289 2020","core":"mpm_winnt:notice","pid":"pid 2628","tid":"tid 540] AH00456","message":" AH00456: Apache Lounge VC15 Server built: Aug 11 2019 12:20:0"},{"date":"Mon Aug 24 16:06:23.983289 2020","core":"core:notice","pid":"pid 2628","tid":"tid 540] AH00094","message":" AH00094: Command line: 'C:\\\\xampp\\\\apache\\\\bin\\\\httpd.exe -d C:/xampp/apach"},{"date":"Thu May 19 08:57:28.905576 2022","core":"mpm_winnt:notice","pid":"pid 7860","tid":"tid 624] AH00364","message":" AH00364: Child: All worker threads have exited"},{"date":"Thu May 19 08:57:29.546199 2022","core":"mpm_winnt:notice","pid":"pid 5056","tid":"tid 676] AH00430","message":" AH00430: Parent: Child process 7860 exited successfully"},{"date":"Thu May 19 08:58:06.452799 2022","core":"ssl:warn","pid":"pid 4348","tid":"tid 696] AH01909","message":" AH01909: www.example.com:443:0 server certificate does NOT include an ID which matches the server nam"},{"date":"Thu May 19 08:58:06.581528 2022","core":"ssl:warn","pid":"pid 4348","tid":"tid 696] AH01909","message":" AH01909: www.example.com:443:0 server certificate does NOT include an ID which matches the server nam"},{"date":"Thu May 19 08:58:06.810303 2022","core":"mpm_winnt:notice","pid":"pid 4348","tid":"tid 696] AH00455","message":" AH00455: Apache/2.4.41 (Win64) OpenSSL/1.1.1c PHP/7.4.4 configured -- resuming normal operation"},{"date":"Thu May 19 08:58:06.810303 2022","core":"mpm_winnt:notice","pid":"pid 4348","tid":"tid 696] AH00456","message":" AH00456: Apache Lounge VC15 Server built: Aug 11 2019 12:20:0"},{"date":"Thu May 19 08:58:06.810303 2022","core":"core:notice","pid":"pid 4348","tid":"tid 696] AH00094","message":" AH00094: Command line: 'C:\\\\xampp\\\\apache\\\\bin\\\\httpd.exe -d C:/xampp/apache"},{"date":"Thu May 19 08:58:06.815332 2022","core":"mpm_winnt:notice","pid":"pid 4348","tid":"tid 696] AH00418","message":" AH00418: Parent: Created child process 700"},{"date":"Thu May 19 08:58:07.649616 2022","core":"ssl:warn","pid":"pid 7004","tid":"tid 616] AH01909","message":" AH01909: www.example.com:443:0 server certificate does NOT include an ID which matches the server nam"},{"date":"Thu May 19 08:58:07.728182 2022","core":"ssl:warn","pid":"pid 7004","tid":"tid 616] AH01909","message":" AH01909: www.example.com:443:0 server certificate does NOT include an ID which matches the server nam"},{"date":"Thu May 19 08:58:07.790679 2022","core":"mpm_winnt:notice","pid":"pid 7004","tid":"tid 616] AH00354","message":" AH00354: Child: Starting 150 worker threads"},{"date":"Thu May 19 10:47:11.306426 2022","core":"mpm_winnt:notice","pid":"pid 4348","tid":"tid 696] AH00422","message":" AH00422: Parent: Received shutdown signal -- Shutting down the server"},{"date":"Thu May 19 10:47:13.369384 2022","core":"mpm_winnt:notice","pid":"pid 7004","tid":"tid 616] AH00364","message":" AH00364: Child: All worker threads have exited"},{"date":"Thu May 19 10:47:13.478754 2022","core":"mpm_winnt:notice","pid":"pid 4348","tid":"tid 696] AH00430","message":" AH00430: Parent: Child process 7004 exited successfully"},{"date":"Thu May 19 10:47:38.337674 2022","core":"ssl:warn","pid":"pid 4392","tid":"tid 660] AH01909","message":" AH01909: www.example.com:443:0 server certificate does NOT include an ID which matches the server nam"},{"date":"Thu May 19 10:47:38.432030 2022","core":"ssl:warn","pid":"pid 4392","tid":"tid 660] AH01909","message":" AH01909: www.example.com:443:0 server certificate does NOT include an ID which matches the server nam"},{"date":"Thu May 19 10:47:38.668567 2022","core":"mpm_winnt:notice","pid":"pid 4392","tid":"tid 660] AH00455","message":" AH00455: Apache/2.4.41 (Win64) OpenSSL/1.1.1c PHP/7.4.4 configured -- resuming normal operation"},{"date":"Thu May 19 10:47:38.668567 2022","core":"mpm_winnt:notice","pid":"pid 4392","tid":"tid 660] AH00456","message":" AH00456: Apache Lounge VC15 Server built: Aug 11 2019 12:20:0"},{"date":"Thu May 19 10:47:38.668567 2022","core":"core:notice","pid":"pid 4392","tid":"tid 660] AH00094","message":" AH00094: Command line: 'C:\\\\xampp\\\\apache\\\\bin\\\\httpd.exe -d C:/xampp/apache"},{"date":"Thu May 19 10:47:38.673182 2022","core":"mpm_winnt:notice","pid":"pid 4392","tid":"tid 660] AH00418","message":" AH00418: Parent: Created child process 676"},{"date":"Thu May 19 10:47:39.362271 2022","core":"ssl:warn","pid":"pid 6764","tid":"tid 600] AH01909","message":" AH01909: www.example.com:443:0 server certificate does NOT include an ID which matches the server nam"},{"date":"Thu May 19 10:47:39.409196 2022","core":"ssl:warn","pid":"pid 6764","tid":"tid 600] AH01909","message":" AH01909: www.example.com:443:0 server certificate does NOT include an ID which matches the server nam"},{"date":"Thu May 19 10:47:39.456494 2022","core":"mpm_winnt:notice","pid":"pid 6764","tid":"tid 600] AH00354","message":" AH00354: Child: Starting 150 worker threads"}]